Nimi;Name;longitude;latitude
Hanasaari;Hanasaari;24.840319;60.16582
Keilalahti;Keilalahti;24.827467;60.171524
Westendinasema;Westendinasema;24.805758;60.168266
Golfpolku;Golfpolku;24.796136;60.168143
Revontulentie;Revontulentie;24.802938;60.171551
Sateentie;Sateentie;24.810688;60.173424
Hakalehto;Hakalehto;24.79139;60.173567
Oravannahkatori;Oravannahkatori;24.792559;60.175769
Länsituuli;Länsituuli;24.802049;60.175358
Tuulimäki;Tuulimäki;24.806051;60.174144
Tapionaukio;Tapionaukio;24.805825;60.176168
Kulttuuriaukio;Kulttuuriaukio;24.803942;60.177588
Ahertajantie;Ahertajantie;24.797984;60.17875
Mäntyviita;Mäntyviita;24.810974;60.178702
Otsolahti;Otsolahti;24.817423;60.178655
Keilaniemi (M);Keilaniemi (M);24.82895;60.175233
Keilaranta;Keilaranta;24.835132;60.178762
Betonimies;Betonimies;24.831804;60.180027
Tekniikantie;Tekniikantie;24.824747;60.180806
Innopoli;Innopoli;24.81422;60.185096
Hagalundinpuisto;Hagalundsparken;24.817403;60.18363
Aalto-yliopisto (M), Tietot;Aalto University (M), Tietotie;24.820099;60.184987
Aalto-yliopisto (M), Korkea;Aalto University (M), Korkeakoulua;24.826671;60.184312
Otaranta;Otaranta;24.837133;60.18483
Sähkömies;Sähkömies;24.829985;60.188499
Jämeräntaival;Jämeräntaival;24.835033;60.188118
Maarinranta;Maarinranta;24.810193;60.187529
Tietäjä;Tietäjä;24.807083;60.189143
Metsänneidonpolku;Metsänneidonpolku;24.806152;60.186731
Kalevalantie;Kalevalantie;24.804022;60.184765
Louhentori;Louhentori;24.796959;60.18715
Pohjankulma;Pohjankulma;24.794014;60.18288
Koivu-Mankkaa;Koivu-Mankkaa;24.78576;60.182976
Mankkaanlaaksontie;Mankkaanlaaksontie;24.780478;60.188706
Mankkaanaukio;Mankkaanaukio;24.769021;60.194599
Tapiolan urheilupuisto;Tapiola Sports Park;24.784654;60.177749
Urheilupuisto (M);Sports Park (M);24.779428;60.17465
Tontunmäentie;Tontunmäentie;24.769667;60.176107
Olarinluoma;Olarinluoma;24.760606;60.180848
Niittymaa;Niittymaa;24.775913;60.171127
Niittykumpu (M);Niittykumpu (M);24.763184;60.170758
Haukilahdenkatu;Haukilahdenkatu;24.772708;60.166481
Haukilahdenaukio;Haukilahdenaukio;24.775882;60.162396
Hauenkallio;Hauenkallio;24.767831;60.162477
Haukilahdenranta;Haukilahdenranta;24.769864;60.158048
Mellstenintie;Mellstenintie;24.773993;60.154941
Toppelundintie;Toppelundintie;24.782477;60.1591405
Westendintie;Westendintie;24.791754;60.158194
Toppelundinportti;Toppelundinportti;24.7848628;60.1624471
Linnakepolku;Linnakepolku;24.790132;60.1637
Nokkala;Nokkala;24.754344;60.147974
Matinlahdenranta;Matinlahdenranta;24.754196;60.151041
Nuottaniementie;Nuottaniementie;24.741546;60.147921
Sepetlahdentie;Sepetlahdentie;24.741234;60.152343
Matinkartanontie;Matinkartanontie;24.752489;60.156258
Matinkyläntie;Matinkyläntie;24.744978;60.155689
Tiistiläntie;Tiistiläntie;24.737664;60.156755
Tiistinkallio;Tiistinkallio;24.729112;60.153737
Etuniementie;Etuniementie;24.724835;60.160645
Hauenkalliontie;Hauenkalliontie;24.756272;60.161138
Nelikkotie;Nelikkotie;24.74663;60.161588
Suomenlahdentie;Suomenlahdentie;24.741294;60.160015
Piispansilta;Piispansilta;24.738416;60.162403
Piispanportti;Piispanportti;24.732688;60.165603
Friisilänaukio;Friisilänaukio;24.721367;60.162842
Avaruuskatu;Avaruuskatu;24.724908;60.168971
Kuunkatu;Kuunkatu;24.726025;60.172673
Ruomelantie;Ruomelantie;24.729314;60.174524
Itäportti;Itäportti;24.738122;60.174914
Komeetankatu;Komeetankatu;24.735969;60.167216
Auringonkatu;Auringonkatu;24.731472;60.171548
Piispankallio;Piispankallio;24.743532;60.168441
Lystimäki;Lystimäki;24.745666;60.172814
Lystimäensilta;Lystimäensilta;24.752442;60.17471
Suurpellonaukio;Suurpellonaukio;24.744131;60.184596
Lukutori;Lukutori;24.742571;60.187052
Gallen-Kallelan tie;Gallen-Kallelan tie;24.840699;60.206142
Elfvik;Elfvik;24.8231;60.203852
Laajalahden keskus;Laajalahden keskus;24.80493;60.203892
Majurinkulma;Majurinkulma;24.824954;60.210735
Yhdyskunnankuja;Yhdyskunnankuja;24.819549;60.212508
Kirjurinkuja;Kirjurinkuja;24.826368;60.215751
Upseerinkatu;Upseerinkatu;24.819396;60.216067
Komentajankatu;Komentajankatu;24.821932;60.216222
Säteri;Säteri;24.811572;60.213443
Säterinrinne;Säterinrinne;24.805613;60.214193
Säterinniitty;Säterinniitty;24.800486;60.214666
Rummunlyöjänkatu;Rummunlyöjänkatu;24.806279;60.217261
Ratsutori;Ratsutori;24.812419;60.217311
Leppävaaranaukio;Leppävaaranaukio;24.813885;60.218869
Leppävaarankäytävä;Leppävaarankäytävä;24.813437;60.220254
Läkkitori;Läkkitori;24.813109;60.221019
Armas Launiksen katu;Armas Launiksen katu;24.818128;60.221781
Muurarinkuja;Muurarinkuja;24.812271;60.223769
Postipuun koulu;Postipuun koulu;24.826396;60.223827
Gransinmäki;Gransinmäki;24.804898;60.222154
Leppävaaran urheilupuisto;Leppävaaran urheilupuisto;24.800971;60.224943
Leppävaaran uimahalli;Leppävaaran uimahalli;24.804735;60.226379
Vallikatu;Vallikatu;24.813871;60.228463
Vallipolku;Vallipolku;24.819614;60.227827
Linnuntie;Linnuntie;24.813954;60.234401
Kutsuntatie;Kutsuntatie;24.824561;60.230453
Painiitty;Painiitty;24.831397;60.235089
Mäkkylän asema;Mäkkylän asema;24.83939;60.220467
Kalkkipellonmäki;Kalkkipellonmäki;24.833536;60.220551
Ruutikatu;Ruutikatu;24.820635;60.223377
Tiurintie;Tiurintie;24.814562;60.204951
Orionintie;Orionintie;24.771826;60.180118
O'Bike Station;O'Bike Station;24.742219;60.163412
Derby Business Park;Derby Business Park;24.835356;60.209017
Kaivopuisto;Kaivopuisto;24.95021147;60.15536962
Laivasillankatu;Laivasillankatu;24.95650977;60.16098907
Kapteeninpuistikko;Kapteeninpuistikko;24.94501816;60.1581769
Viiskulma;Viiskulma;24.9417758;60.16098589
Sepänkatu;Sepänkatu;24.9362853;60.15794829
Hietalahdentori;Hietalahdentori;24.92964763;60.16222839
Designmuseo;Design Museum;24.94596;60.16310319
Vanha kirkkopuisto;Vanha kirkkopuisto;24.93911455;60.16535385
Erottajan aukio;Erottajan aukio;24.94418876;60.16689487
Kasarmitori;Kasarmitori;24.94947288;60.16501717
Unioninkatu;Unioninkatu;24.9510227;60.16745729
Kanavaranta;Kanavaranta;24.95849228;60.1684959
Merisotilaantori;Merisotilaantori;24.97552848;60.16791905
Senaatintori;Senate Square;24.9526414;60.16912779
Ritarikatu;Ritarikatu;24.95552186;60.17109068
Liisanpuistikko;Liisanpuistikko;24.9613747;60.17418219
Varsapuistikko;Varsapuistikko;24.94949678;60.1730909
Porthania;Porthania;24.94930815;60.16965675
Rautatientori / itä;Central Railway Station/East;24.9425268;60.17082359
Kaisaniemenpuisto;Kaisaniemenpuisto;24.94335564;60.1732349
Töölönlahdenkatu;Töölönlahdenkatu;24.93930791;60.17219068
Rautatientori / länsi;Central Railway Station/West;24.9397601;60.17060609
Kiasma;Kiasma;24.9374279;60.17125789
Mannerheimintie;Mannerheimintie;24.9394195;60.16907239
Narinkka;Narinkka;24.93460698;60.17004203
Kamppi (M);Kamppi (M);24.9305373;60.16860949
Eerikinkatu;Eerikinkatu;24.93664159;60.16770571
Lastenlehto;Lastenlehto;24.92703627;60.1657993
Baana;Baana;24.92257062;60.16411737
Itämerentori;Itämerentori;24.9145165;60.16353089
Marian sairaala;Maria Hospital;24.92274157;60.16832282
Eläinmuseo;Finnish Museum of Natural History;24.93189751;60.1713589
Kauppakorkeakoulu;Hanken School of Economics;24.92383976;60.1712029
Kansallismuseo;National Museum;24.93289832;60.1739569
Cygnaeuksenkatu;Cygnaeuksenkatu;24.92826856;60.17410087
Apollonkatu;Apollonkatu;24.9224633;60.17609278
Töölönkatu;Töölönkatu;24.92835251;60.17753462
Töölöntori;Töölöntori;24.92497005;60.17910052
Ooppera;Opera;24.926687;60.18255289
Hakaniemi (M);Hakaniemi (M);24.95225798;60.17808163
Ympyrätalo;Ympyrätalo;24.9494;60.18086299
Haapaniemenkatu;Haapaniemenkatu;24.95519528;60.18316011
Karhupuisto;Karhupuisto;24.9526763;60.18428329
Sörnäinen (M);Sörnäinen (M);24.96055414;60.18771264
Brahen kenttä;Brahen kenttä;24.95081315;60.18679029
Diakoniapuisto;Diakoniapuisto;24.94354096;60.18690405
Vanha Kauppahalli;Market Square;24.95356854;60.16528334
Mastokatu;Mastokatu;24.96746682;60.1647465
Annankatu;Annankatu;24.9417379;60.16347492
Melkonkuja;Melkonkuja;24.8861094;60.14981269
Itälahdenkatu;Itälahdenkatu;24.8812502;60.15065999
Heikkilänaukio;Heikkilänaukio;24.8793159;60.15407629
Heikkiläntie;Heikkiläntie;24.8850653;60.15681699
Gyldenintie;Gyldenintie;24.8766658;60.15838419
Puistokaari;Puistokaari;24.86202008;60.15787493
Luoteisväylä;Luoteisväylä;24.86031185;60.16535909
Lauttasaaren ostoskeskus;Lauttasaari Shopping Center;24.88281036;60.16041535
Lauttasaarensilta;Lauttasaarensilta;24.8899154;60.16118582
Salmisaarenranta;Salmisaarenranta;24.90093349;60.16478417
Kaapelitehdas;Cable Factory;24.90279681;60.16125285
Länsisatamankatu;Länsisatamankatu;24.909692;60.15892759
Välimerenkatu;Välimerenkatu;24.91624129;60.15929634
Jätkäsaarenlaituri;Jätkäsaarenlaituri;24.9214896;60.16193109
Tyynenmerenkatu;Tyynenmerenkatu;24.92034355;60.15680777
Hernesaarenranta;Hernesaarenranta;24.93119782;60.15351448
Ehrenströmintie;Ehrenströmintie;24.95921227;60.15521783
Perämiehenkatu;Perämiehenkatu;24.93406569;60.16008758
Albertinkatu;Albertinkatu;24.93680504;60.16185748
Kalevankatu;Kalevankatu;24.93142157;60.16568018
Sammonpuistikko;Sammonpuistikko;24.9224112;60.17314729
Hietaniemenkatu;Hietaniemenkatu;24.90767042;60.17333315
Eteläinen Hesperiankatu;Eteläinen Hesperiankatu;24.91552616;60.17559266
Kesäkatu;Kesäkatu;24.9132504;60.17929669
Rajasaarentie;Rajasaarentie;24.9110579;60.18312581
Korjaamo;Korjaamo;24.9198837;60.1838637
Olympiastadion;Olympic Stadium;24.92496125;60.18449351
Nordenskiöldinaukio;Nordenskiöldinaukio;24.91729243;60.18524611
Messeniuksenkatu;Messeniuksenkatu;24.9180102;60.18783519
Uimastadion;Swimming Stadium;24.92921253;60.18925234
Jäähalli;Ice hall;24.92049714;60.1893228
Stenbäckinkatu;Stenbäckinkatu;24.9123717;60.18830909
Töölöntulli;Töölöntulli;24.91289302;60.19092337
Meilahden sairaala;Meilahti Hospital;24.9083351;60.19021949
Paciuksenkatu;Paciuksenkatu;24.89992612;60.19120614
Jalavatie;Jalavatie;24.90578857;60.19344703
Kuusitie;Kuusitie;24.9018997;60.19524519
Kustaankatu;Kustaankatu;24.95599039;60.1882073
Kiskontie;Kiskontie;24.90123502;60.19901207
Tilkanvierto;Tilkanvierto;24.89925056;60.19757482
Paciuksenkaari;Paciuksenkaari;24.8911179;60.19444749
Seurasaari;Seurasaari;24.88476432;60.18843454
Saunalahdentie;Saunalahdentie;24.8791652;60.19266652
Torpanranta;Torpanranta;24.8713963;60.19483579
Laajalahden aukio;Laajalahden aukio;24.87630126;60.1978706
Munkkiniemen aukio;Munkkiniemen aukio;24.88401939;60.19672379
Huopalahdentie;Huopalahdentie;24.88357649;60.19973292
Ulvilantie;Ulvilantie;24.87087848;60.20386871
Muusantori;Muusantori;24.8559544;60.20711929
Teljäntie;Teljäntie;24.86865672;60.20969043
Munkkivuoren ostoskeskus;Munkkivuori Shopping Center;24.8798066;60.20598341
Vihdintie;Vihdintie;24.8895209;60.20892499
Kriikunakuja;Kriikunakuja;24.8916817;60.20567849
Tilkantori;Tilkantori;24.89336603;60.2027829
Korppaanmäentie;Korppaanmäentie;24.8989297;60.20347349
Tenholantie;Tenholantie;24.9054368;60.20237741
Radiokatu;Radiokatu;24.91821845;60.20500643
Hertanmäenkatu;Hertanmäenkatu;24.92233114;60.20269404
Maistraatintori;Maistraatintori;24.9248734;60.19915098
Esterinportti;Esterinportti;24.9267808;60.19757239
Rautatieläisenkatu;Rautatieläisenkatu;24.9332721;60.20143819
Pasilan asema;Pasila railway station;24.93279908;60.19821086
Ratapihantie;Ratapihantie;24.93663325;60.19642082
Venttiilikuja;Venttiilikuja;24.94152256;60.19419152
Linnanmäki;Linnanmäki Amusement Park;24.9401593;60.19114109
Brahen puistikko;Brahen puistikko;24.9481257;60.1896658
Fleminginkatu;Fleminginkatu;24.9522067;60.18952532
Gebhardinaukio;Gebhardinaukio;24.95507679;60.19118047
Mäkelänkatu;Mäkelänkatu;24.96339047;60.18963599
Vilhonvuorenkatu;Vilhonvuorenkatu;24.96785412;60.1864553
Lintulahdenkatu;Lintulahdenkatu;24.96206338;60.18368091
Näkinsilta;Näkinsilta;24.95544493;60.17975021
Isoisänsilta;Isoisänsilta;24.98179261;60.18265181
Arielinkatu;Arielinkatu;24.97973856;60.18592174
Kalasatama (M);Kalasatama (M);24.97715389;60.18753084
Teurastamo;Teurastamo;24.97115665;60.18969458
Päijänteentie;Päijänteentie;24.9642238;60.19205759
Pernajantie;Pernajantie;24.95797824;60.1942276
Teollisuuskatu;Teollisuuskatu;24.9487524;60.19347401
Elimäenkatu;Elimäenkatu;24.94762905;60.19621956
Hollolantie;Hollolantie;24.95460581;60.19588619
Paavalinpuisto;Paavalinpuisto;24.96144011;60.19747981
Haukilahdenkatu;Haukilahdenkatu;24.96762382;60.1985339
Velodrominrinne;Velodrominrinne;24.94419121;60.2010023
Sofianlehdonkatu;Sofianlehdonkatu;24.9513636;60.20327209
Arabian kauppakeskus;Arabia Shopping Center;24.96657182;60.20276963
Arabiankatu;Arabiankatu;24.97707901;60.20649156
Muotoilijankatu;Kaironkatu;24.97970405;60.20971041
Verkatehtaanpuisto;Verkatehtaanpuisto;24.97974919;60.21368952
Intiankatu;Intiankatu;24.96762464;60.20784023
Koskelantie;Koskelantie;24.94667728;60.20783998
Kuikkarinne;Kuikkarinne;24.86942979;60.15709599
Käpyläntie;Käpyläntie;24.9588108;60.21390429
Pohjolankatu;Pohjolankatu;24.9437964;60.21342099
Pohjolanaukio;Pohjolanaukio;24.95435978;60.21717875
Käpylän asema;Käpylä station;24.94794992;60.22080331
Juhana Herttuan tie;Juhana Herttuan tie;24.96645226;60.2185249
Toinen linja;Toinen linja;24.94456851;60.18300099
Töölönlahden puisto;Töölönlahden puisto;24.93507842;60.17485782
Eteläesplanadi;Eteläesplanadi;24.94715046;60.16719985
Leppäsuonaukio;Leppäsuonaukio;24.92657845;60.16958462
Lehtisaarentie;Lehtisaarentie;24.85050395;60.18194825
Länsiterminaali;West Terminal;24.91521354;60.15047303
Länsisatamankuja;Länsisatamankuja;24.91208983;60.1569515
Merihaka;Merihaka;24.95852854;60.17807491
Opastinsilta;Opastinsilta;24.93815258;60.19926577
A.I. Virtasen aukio;A.I. Virtasen aukio;24.96207885;60.20554182
Ilmalan asema;Ilmala Station;24.92221989;60.20662643
Ruskeasuon varikko;Ruskeasuo depot;24.89866789;60.20767995
Vanha Viertotie;Vanha Viertotie;24.88166025;60.21107529
Valimotie;Valimotie;24.87652907;60.21596932
Takomotie;Takomotie;24.87104647;60.21789962
Pajamäki;Pajamäki;24.85567438;60.21882132
Haagan tori;Haagan tori;24.89893006;60.21211158
Tunnelitie;Tunnelitie;24.89956941;60.21661493
Huopalahden asema;Huopalahti Station;24.89505774;60.21809614
Valimon asema;Valimo Station;24.8758444;60.22230225
Pitäjänmäen asema;Pitäjänmäki Station;24.85862929;60.22430909
Jännetie;Jännetie;24.85357149;60.22675758
Marttila;Marttila;24.8732133;60.22714981
Pohjois-Haagan asema;Pohjois-Haaga Station;24.88308064;60.2300717
Näyttelijäntie;Näyttelijäntie;24.88754704;60.2328641
Ida Aalbergin tie;Ida Aalbergin tie;24.89520235;60.22953268
Thalianaukio;Thalianaukio;24.89479586;60.22534231
Huovitie;Huovitie;24.90328665;60.22197553
Hämeenlinnanväylä;Hämeenlinnanväylä;24.90283225;60.22745107
Vesakkotie;Vesakkotie;24.92661538;60.22795952
Maunula;Maunula;24.932503;60.23038288
Lepolantie;Lepolantie;24.92860466;60.2390854
Kylävoudintie;Kylävoudintie;24.95256124;60.22440378
Kustaankartano;Kustaankartano;24.94876516;60.23070286
Käskynhaltijantie;Käskynhaltijantie;24.95793412;60.23323194
Mäkitorpantie;Mäkitorpantie;24.96033562;60.22853006
Siltavoudintie;Siltavoudintie;24.96496924;60.23371722
Oulunkylän asema;Oulunkylä Station;24.96671856;60.22910015
Kirkkoherrantie;Kirkkoherrantie;24.97281938;60.22493036
Otto Brandtin tie;Otto Brandtin tie;24.97813892;60.23178406
Katariina Saksilaisen katu;Katariina Saksilaisen katu;24.98442088;60.21720682
Hernepellontie;Hernepellontie;24.98861297;60.22424126
Aulangontie;Aulangontie;24.99858042;60.23025963
Pihlajamäki;Pihlajamäki;25.0103139;60.23457856
Viikin tiedepuisto;Viikki Science Park;25.0100484;60.22753942
Viikin normaalikoulu;Viikki Teacher Training School;25.02759403;60.22746497
Agronominkatu;Agronominkatu;25.0328574;60.234053
Von Daehnin katu;Von Daehnin katu;25.04361788;60.23034435
Mustikkamaa;Mustikkamaa;24.99210541;60.18184439
Relanderinaukio;Relanderinaukio;25.00580791;60.18585473
Kulosaari (M);Kulosaari (M);25.00646369;60.18892931
Tupasaarentie;Tupasaarentie;25.01532898;60.18788712
Haakoninlahdenkatu;Haakoninlahdenkatu;25.02086096;60.16886855
Gunillantie;Gunillantie;25.03301224;60.17199385
Isosaarentie;Isosaarentie;25.0450148;60.1755055
Reiherintie;Reiherintie;25.04749626;60.1677305
Laajasalon ostoskeskus;Laajasalo shopping center;25.05191201;60.18000915
Humalniementie;Humalniementie;25.05306036;60.18370629
Tammisalon aukio;Tammisalon aukio;25.06106044;60.19166365
Agnetankuja;Agnetankuja;25.03650067;60.18721135
Laivalahden puistotie;Laivalahden puistotie;25.03132424;60.18796169
Herttoniemenranta;Herttoniemenranta;25.02610749;60.19022412
Margareetankuja;Margareetankuja;25.03722671;60.19102675
Abraham Wetterin tie;Abraham Wetterin tie;25.04265339;60.1927662
Petter Wetterin tie;Petter Wetterin tie;25.03108061;60.19315
Herttoniemi (M);Herttoniemi (M);25.02890744;60.1946246
Asentajanpuisto;Asentajanpuisto;25.04245829;60.19915348
Siilitie (M);Siilitie (M);25.04514991;60.20594128
Herttoniemen kirkko;Herttoniemi Church;25.03222542;60.19847209
Eränkävijäntori;Eränkävijäntori;25.03362553;60.20457962
Siilitie 9;Siilitie 9;25.03752681;60.20945315
Siilitie 13;Siilitie 13;25.04384038;60.2150937
Roihupelto;Roihupelto;25.0550878;60.20936712
Porolahden koulu;Porolahti school;25.05358094;60.19552334
Peukaloisentie;Peukaloisentie;25.05854692;60.19870829
Tulisuontie;Tulisuontie;25.06007552;60.20207418
Prinsessantie;Prinsessantie;25.05986335;60.20629431
Marjaniementie;Marjaniementie;25.07606936;60.20432488
Voikukantie;Voikukantie;25.0867813;60.20901595
Itäkeskus (M);Itäkeskus (M);25.07597444;60.20961862
Puotinharju;Puotinharju;25.0824161;60.21255603
Marjaniemi;Marjaniemi;25.08634436;60.20361993
Puotilantie;Puotilantie;25.10041803;60.20907879
Puotinkylän kartano;Puotinkylä Manor;25.10620999;60.21253744
Puotilan ostoskeskus;Puotila shopping center;25.09555951;60.21270056
Puotila (M);Puotila (M);25.09109159;60.2148243
Karhulantie;Karhulantie;25.10220192;60.21870643
Alakiventie;Alakiventie;25.07728223;60.21983978
Myllypuro (M);Myllypuro (M);25.07539017;60.22408826
Orpaanporras;Orpaanporras;25.06541782;60.22354883
Mamsellimyllynkatu;Mamsellimyllynkatu;25.05910307;60.21824578
Vallilan varikko;Vallilan varikko;24.96282314;60.19524595
Itäkeskus Metrovarikko;Itäkeskus Metrovarikko;25.06578182;60.21146073
Koskelan varikko;Koskelan varikko;24.96985712;60.21258729
Korkeasaari;Korkeasaari;24.98252693;60.17990613
Postipuisto;Postipuisto;24.93373696;60.22030126
Aurinkotuulenkatu;Aurinkotuulenkatu;25.15934635;60.2027734
Sumukuja;Sumukuja;25.15840938;60.20544673
Leikosaarentie;Leikosaarentie;25.15154626;60.2046813
Aurinkolahdenaukio;Aurinkolahdenaukio;25.15011353;60.20113608
Kalkkihiekantie;Kalkkihiekantie;25.14304029;60.2021242
Kauppakeskus Columbus;Shopping Center Columbus;25.14550436;60.2063719
Vuosaaren liikuntapuisto;Vuosaaren liikuntapuisto;25.15346457;60.21229761
Mosaiikkitori;Mosaiikkitori;25.14385259;60.20797536
Kaivonkatsojanpuisto;Kaivonkatsojanpuisto;25.13599933;60.20440477
Halkaisijantie;Halkaisijantie;25.12790982;60.20238693
Ramsinniementie;Ramsinniementie;25.11990608;60.19956365
Meri-Rastilan tori;Meri-Rastilan tori;25.11942241;60.20415423
Rastila (M);Rastila (M);25.12014086;60.20553547
Lokitie;Lokitie;25.1365036;60.20955807
Punakiventie;Punakiventie;25.14675006;60.21400149
Haapasaarentie;Haapasaarentie;25.14678718;60.21877663
Vuosaaren puistopolku;Vuosaaren puistopolku;25.14109536;60.2213209
Purjetie;Purjetie;25.13382869;60.21964832
Koukkusaarentie;Koukkusaarentie;25.13423251;60.21398072
Vartioharjuntie;Vartioharjuntie;25.11091441;60.22088947
Rukatunturintie;Rukatunturintie;25.12759698;60.23128135
Sallatunturintie;Sallatunturintie;25.11830002;60.23674091
Mellunmäki (M);Mellunmäki (M);25.10987474;60.23853535
Sinkilätie;Sinkilätie;25.11106023;60.23296145
Humikkalankuja;Humikkalankuja;25.09006415;60.22982499
Lallukankuja;Lallukankuja;25.08297117;60.22352658
Kurkimäki;Kurkimäki;25.07164165;60.22829039
Kontula (M);Kontula (M);25.08260955;60.23609535
Tuukkalantie;Tuukkalantie;25.10072322;60.23884425
Lettopolku;Lettopolku;25.08552977;60.24091394
Kontulankaari;Kontulankaari;25.07622658;60.24384164
Kivikonkaari;Kivikonkaari;25.07464334;60.23990429
Varustuksentie;Varustuksentie;25.06685726;60.23913101
Kurkimäentie;Kurkimäentie;25.06260836;60.23319439
Kivikonlaita;Kivikonlaita;25.05491523;60.23046218
Kivikon liikuntapuisto;Kivikko sports park;25.05246958;60.23703582
Jakomäentie;Jakomäentie;25.07437759;60.25377123
Jakomäki;Jakomäki;25.0759056;60.26101941
Alppikylä;Alppikylä;25.06489421;60.25943112
Heikinlaakso;Heikinlaakso;25.07271271;60.27019655
Puistolan VPK;Puistolan VPK;25.05753557;60.27008566
Puistolantori;Puistolantori;25.0458546;60.27436993
Puistolan asema;Puistolan asema;25.03435012;60.2751896
Maatullinkuja;Maatullinkuja;25.02469198;60.27623679
Sateenkaarentie;Sateenkaarentie;25.01106298;60.28075608
Siltamäki;Siltamäki;24.98939662;60.27446709
Töyrynummentie;Töyrynummentie;25.00397029;60.27196238
Töyrynummi;Töyrynummi;24.99299022;60.26714677
Kotinummentie;Kotinummentie;25.01357237;60.2675063
Porvarintie;Porvarintie;25.03265533;60.27189034
Helluntairaitti;Helluntairaitti;25.0368876;60.2632143
Tapanilan asema;Tapanila railway station;25.02812397;60.26330395
Saniaiskuja;Saniaiskuja;25.02909058;60.25909157
Halmetie;Halmetie;25.01765775;60.26090681
Laulurastaantie;Laulurastaantie;25.00331024;60.26088465
Vanha Tapanilantie;Vanha Tapanilantie;24.98975388;60.25969904
Syystie;Syystie;24.99860558;60.25667117
Malmin sairaala;Malmi Hospital;25.00282802;60.25415862
Malmin asema;Malmi railway station;25.00912157;60.25232553
Huhtakuja;Huhtakuja;25.01310802;60.25756333
Teerisuontie;Teerisuontie;25.02149008;60.25339409
Ala-Malmin tori;Ala-Malmin tori;25.01323714;60.25030635
Väärämäentie;Väärämäentie;25.0297267;60.24269283
Karviaistie;Karviaistie;25.00786044;60.2468453
Tilketori;Tilketori;25.00399305;60.24982656
Karhusuontie;Karhusuontie;24.98706493;60.25177958
Jokipellontie;Jokipellontie;24.98332148;60.24521779
Pukinmäen liikuntapuisto;Pukinmäki sports park;24.99172391;60.24773234
Pukinmäen asema;Pukinmäki railway station;24.99399523;60.24308645
Rapakiventie;Rapakiventie;25.00136762;60.23931968
Tollinpolku;Tollinpolku;24.86771102;60.24590853
Mikkolantie;Mikkolantie;24.97154425;60.23556664
Etupellonpuisto;Etupellonpuisto;24.95944937;60.24198627
Piikintie;Piikintie;24.95814404;60.24885591
Torpparinmäentie;Torpparinmäentie;24.94476827;60.25688071
Paloheinän kirjasto;Paloheinän kirjasto;24.94166821;60.24950971
Paloheinän maja;Paloheinän maja;24.91830089;60.25523561
Paloheinäntie;Paloheinäntie;24.92385807;60.24699181
Pirkkolan liikuntapuisto;Pirkkolan liikuntapuisto;24.90975085;60.2327348
Maununneva;Maununneva;24.89899983;60.24440858
Ulappasilta;Ulappasilta;25.14104587;60.20661604
Hakuninmaa;Hakuninmaa;24.8970699;60.25296715
Kuninkaantammi;Kuninkaantammi;24.8927574;60.25925605
Kalannintie;Kalannintie;24.88410754;60.25280663
Kannelmäen liikuntapuisto;Kannelmäen liikuntapuisto;24.8788005;60.24374634
Pajupillintie;Pajupillintie;24.88610263;60.2432353
Kauppakeskus Kaari;Shopping Center Kaari;24.88947967;60.23633055
Kaustisentie;Kaustisentie;24.88145171;60.23780652
Kannelmäen asema;Kannelmäki railway station;24.87664725;60.23934599
Savela;Savela;24.99138726;60.24049485
Trumpettikuja;Trumpettikuja;24.86911;60.23915611
Viljelijäntie;Viljelijäntie;24.85729796;60.24323344
Malminkartanon asema;Malminkartano railway station;24.86311564;60.24781786
Tuohipolku;Tuohipolku;24.85743226;60.25156469
Honkasuo;Honkasuo;24.84658097;60.25555748
Malminkartanonhuippu;Malminkartano Hill;24.84864869;60.25040779
Hankasuontie;Hankasuontie;24.84758603;60.24474377
Ajomiehentie;Ajomiehentie;24.85129051;60.2388821
Vähäntuvantie;Vähäntuvantie;24.84616505;60.23245103
Kuusisaari;Kuusisaari;24.8567966;60.18450834
Koivusaari (M);Koivusaari metro station;24.85516427;60.16338631
Bermudankuja;Välimerenkatu;24.91014211;60.15490426
Verkkosaari;Verkkosaari;24.97754808;60.18955618
Sompasaari;Sompasaari;24.97607582;60.18293082
Jollas;Jollas;25.06166787;60.16440749
Rillitori;Rillitori;25.05157973;60.29302665
Männistönpolku;Männistönpolku;25.04242613;60.29321587
Tikkurilan asema;Tikkurila station;25.04458705;60.29477473
Tikkuraitti;Tikkuraitti;25.03641074;60.29341272
Maalitori;Maalitori;25.04495162;60.29186336
Virnatie;Virnatie;25.03328592;60.28782879
Peltolantori;Peltolantori;25.02994989;60.29356472
Kurjenpolvenpuisto;Kurjenpolvenpuisto;25.01870796;60.29402567
Tikkurilan urheilupuisto;Tikkurila sports park;25.02842719;60.29961027
Suopursunaukio;Suopursunaukio;25.04187038;60.29948549
Hiekkaharjun liikuntapuisto;Hiekkaharju sports park;25.05484439;60.30091863
Jokiniemenkatu;Jokiniemenkatu;25.05016499;60.29823754
Liljatie;Liljatie;25.02201217;60.29109765
Puutarhatie;Puutarhatie;25.00645595;60.29216022
Talkootori;Talkootori;25.04622991;60.30306037
Hiekkaharjun asema;Hiekkaharju station;25.04930337;60.30472805
Tarhurinaukio;Tarhurinaukio;25.04449836;60.31247458
Malminiitynpolku;Malminiitynpolku;25.03511613;60.3132651
Leinikkitie;Leinikkitie;25.0307302;60.31053412
Sananjalanpolku;Sananjalanpolku;25.02657588;60.31345734
Maitikka-aukio;Maitikka-aukio;25.02328924;60.30565146
Kydönaukio;Kydönaukio;25.06338144;60.32013295
Koivutori;Koivutori;25.06180915;60.32362776
Sauvatie;Sauvatie;25.07295344;60.32068752
Koivukylän asema;Koivukylä station;25.05988351;60.32327221
Leinelän asema;Leinelä station;25.03752236;60.32320319
Rekolan asema;Rekola station;25.06743637;60.33300455
Sairaalakatu;Sairaalakatu;25.06125976;60.33172682
Teletie;Teletie;24.96813867;60.31338657
Karhumäenportti;Karhumäenportti;24.95883078;60.30543327
Avia-aukio;Avia-aukio;24.95478221;60.30254997
Teknobulevardi;Teknobulevardi;24.96595889;60.30466983
Robert Huberin tie;Robert Huberin tie;24.96279656;60.29591715
Tasetie;Tasetie;24.96807631;60.28996256
Tapaninkyläntie;Tapaninkyläntie;24.97325471;60.26585487
Tammistontie;Tammistontie;24.97032136;60.27621828
Hagelstaminpuisto;Hagelstaminpuisto;24.96602628;60.28119848
Hagelstamintie;Hagelstamintie;24.95920702;60.28470132
Pakkalan puistotie;Pakkalan puistotie;24.94899067;60.28956584
Antaksentie;Antaksentie;24.94835958;60.29351877
Tammiston kauppatie;Tammiston kauppatie;24.97447479;60.28249622
Osumakuja;Osumakuja;24.93267076;60.30050939
Ansatie;Ansatie;24.92231057;60.29478648
Kartanonkosken liikuntapuisto;Kartanonkoski sports park;24.9563511;60.27951965
Väinö Tannerin tie;Väinö Tannerin tie;24.95928005;60.28960373
Jumbo P3-taso;Jumbo P3-level;24.96239824;60.2909266
Jumbo P1-taso;Jumbo P1-level;24.9643631;60.29024006
Rälssitie;Rälssitie;24.97213653;60.29399502
Myyrmäen asema;Myyrmäki station;24.85480994;60.26096638
Liesikuja;Liesikuja;24.85463799;60.26277283
Energia Areena;Energia Arena;24.83913088;60.26050356
Myyrmäen jäähalli;Myyrmäki ice hall;24.84096566;60.26371802
Myyrmäen uimahalli;Myyrmäki swimming hall;24.85212543;60.26554987
Louhelan asema;Louhela station;24.85317978;60.27015878
Kuohukuja;Kuohukuja;24.84626187;60.26991851
Martinlaakson asema;Martinlaakso station;24.85303214;60.27748443
Martinlaakson uimahalli;Martinlaakso swimming hall;24.84551181;60.27583986
Kiskanpuisto;Kiskanpuisto;24.84002358;60.27912596
Kukinkuja;Kukinkuja;24.86117761;60.27909457
Vantaankosken asema;Vantaankoski station;24.8491118;60.28522942
Meripihkatori;Meripihkatori;24.8479958;60.26247965
Honkasuo;Honkasuo;24.84306006;60.25876428
Kilterinaukio;Kilterinaukio;24.85267443;60.25715373
Nuijatie;Nuijatie;24.83007909;60.25927302
Koivuvaarankuja;Koivuvaarankuja;24.81455454;60.25464142
Pähkinärinteen kirjasto;Pähkinärinne library;24.80565502;60.25659866
Lammasrinne;Lammasrinne;24.80657744;60.26187358
Ainontie;Ainontie;24.80385072;60.2710845
Martinkyläntie;Martinkyläntie;24.82189297;60.2779776
Petikontie;Petikontie;24.81506902;60.27960559
Luhtimäki;Luhtimäki;24.82018509;60.26895441
Vehkalan asema;Vehkala station;24.84422352;60.29482489
Vantaanpuisto;Vantaanpuisto;24.85655368;60.30121977
Mestarintie;Mestarintie;24.85075359;60.307614
Kivistön asema;Kivistö station;24.84959625;60.31556487
Aurinkokivenpiha;Aurinkokivenpiha;24.8499308;60.31875481
Rubiinipuisto;Rubiinipuisto;24.85348761;60.32174957
Lincolninaukio;Lincolninaukio;24.83120678;60.31847088
Suokalliontie;Suokalliontie;24.89729766;60.3063226
Tahkotie;Tahkotie;24.91101191;60.30352708
Riistakuja;Riistakuja;24.90706434;60.29526835
Tuupakankuja;Tuupakankuja;24.89148725;60.29630012
Vantaanlaaksontie;Vantaanlaaksontie;24.87249429;60.28319183
Vetokuja;Vetokuja;24.87898738;60.26944911
Silvola;Silvola;24.88159857;60.26511895
Kaivokselantie;Kaivokselantie;24.87248262;60.26874297
Vuorimestarintori;Vuorimestarintori;24.87164149;60.26391944
Aapraminkaari;Aapraminkaari;24.86713987;60.25794019
Ollaksentie;Ollaksentie;24.91070048;60.28460734
Laajavuorentie;Laajavuorentie;24.84838522;60.28178007
Martinlaaksontie;Martinlaaksontie;24.86740289;60.2778249
Kauppalaivurintie;Kauppalaivurintie;24.86634308;60.29033288
Malminiitynpuisto;Malminiitynpuisto;25.04069255;60.31556758
Oljenkorsi;Oljenkorsi;25.06259977;60.29877301
Urheilutie;Urheilutie;25.05950553;60.2956961
Hernetie;Hernetie;25.03336273;60.29583189
Heureka;Heureka;25.04190327;60.28862154
Keimolantie;Keimolantie;24.84077423;60.32299528
Tammistonkatu;Tammistonkatu;24.9667526;60.26909181
Pyhtäänkorventie;Pyhtäänkorventie;24.97348108;60.29989582
Kirjastopuisto;Kirjastopuisto;25.04185949;60.29472034
Eric Von Rettingin puisto;Eric Von Rettigs park;25.04895926;60.29523753
Hiekkaharjun koulu;Hiekkaharju school;25.0359393;60.30750375
Lummetie;Lummetie;25.01763663;60.29835655
Vantaan aikuisopisto;Vantaa adult education center;25.03978346;60.29632092
Ratatie;Ratatie;25.04198784;60.29104714
Metsänhenki;Metsänhenki;25.04096055;60.32446317
Kuusijärvi;Kuusijärvi;24.85709905;60.27353615
Jokiuomanpuisto;Jokiuomanpuisto;25.11253774;60.31423764
Tikkurilantie;Tikkurilantie;25.03010299;60.28920915
Osmankäämintie;Osmankäämintie;25.01756482;60.29155043
Läntinen Valkoisenlähteentie;Läntinen Valkoisenlähteentie;25.0230221;60.30185653
Kielotie;Kielotie;25.03590434;60.28930693
Möskärinmäki;Möskärinmäki;25.02653248;60.31704119
Raatetie;Raatetie;25.0286342;60.30615516
Hiekkatie;Hiekkatie;25.04152289;60.30478846
Kukkakimpunpuisto;Kukkakimpunpuisto;25.04101005;60.30146253
Leinelän Puistotie;Leinelän Puistotie;25.04174138;60.32220249
Koiruohonpuisto;Koiruohonpuisto;25.02538416;60.2936029
Peijaksentie;Peijaksentie;25.09964902;60.31567979
